-71.1902,42.2826,-8844.329748
-71.1874,42.2826,-9076.199966
-71.1874,42.2854,-9153.008627
-71.1846,42.2798,-9250.015225
-71.1846,42.2826,-9327.230215
-71.1846,42.2854,-9400.363728
-71.1846,42.2882,-9472.542545
-71.1818,42.277,-9455.947193
-71.1818,42.2798,-9535.298999
-71.1818,42.2826,-9601.990725
-71.1818,42.2854,-9666.042589
-71.1818,42.2882,-9732.467299
-71.1818,42.291,-9802.488857
-71.179,42.2798,-9867.532872
-71.179,42.2826,-9906.04914
-71.179,42.2854,-9951.521003
-71.179,42.2882,-10008.0233
-71.179,42.291,-10073.42967
-71.179,42.2938,-10145.35966
-71.1762,42.2798,-10277.32305
-71.1762,42.2826,-10241.94809
-71.1762,42.2854,-10255.4118
-71.1762,42.2882,-10298.73297
-71.1762,42.291,-10358.63418
-71.1762,42.2938,-10428.52875
-71.1734,42.2686,-10382.02534
-71.1734,42.2742,-10929.70265
-71.1734,42.277,-11817.00522
-71.1734,42.2798,-10791.34141
-71.1734,42.2826,-10591.50479
-71.1734,42.2854,-10571.10988
-71.1734,42.2882,-10603.54769
-71.1734,42.291,-10659.09313
-71.1734,42.2938,-10727.08286
-71.1734,42.2966,-10803.16114
-71.1734,42.3498,-12981.07516
-71.1734,42.3526,-12761.82504
-71.1706,42.2658,-10519.29402
-71.1706,42.2686,-10887.29553
-71.1706,42.2714,-11706.74517
-71.1706,42.2742,-11896.55162
-71.1706,42.277,-11431.89162
-71.1706,42.2798,-11070.72868
-71.1706,42.2826,-10912.71624
-71.1706,42.2854,-10892.80806
-71.1706,42.2882,-10923.86966
-71.1706,42.291,-10977.86338
-71.1706,42.2938,-11044.29098
-71.1706,42.2966,-11118.77384
-71.1706,42.2994,-11199.94201
-71.1706,42.347,-13788.08606
-71.1706,42.3498,-13963.68065
-71.1706,42.3526,-13621.92206
-71.1706,42.3554,-13118.38276
-71.1678,42.263,-10573.18464
-71.1678,42.2658,-12426.2068
-71.1678,42.2686,-11269.62805
-71.1678,42.2714,-11350.95678
-71.1678,42.2742,-11841.31515
-71.1678,42.277,-11493.84031
-71.1678,42.2798,-11283.45038
-71.1678,42.2826,-11224.89269
-71.1678,42.2854,-11230.80752
-71.1678,42.2882,-11268.03635
-71.1678,42.291,-11321.97933
-71.1678,42.2938,-11386.44553
-71.1678,42.2966,-11457.56714
-71.1678,42.2994,-11533.94908
-71.1678,42.3358,-17662.71264
-71.1678,42.3386,-16383.20105
-71.1678,42.3442,-14583.28766
-71.1678,42.347,-14684.69145
-71.1678,42.3498,-16551.03365
-71.1678,42.3526,-14741.98848
-71.1678,42.3554,-13774.93347
-71.1678,42.3582,-13320.74808
-71.165,42.263,-10539.66928
-71.165,42.2658,-10905.87944
-71.165,42.2686,-11049.70367
-71.165,42.2714,-11184.42936
-71.165,42.2742,-11402.56589
-71.165,42.277,-11699.12867
-71.165,42.2798,-11609.62443
-71.165,42.2826,-11585.56977
-71.165,42.2854,-11614.05931
-71.165,42.2882,-11653.77404
-71.165,42.291,-11703.87564
-71.165,42.2938,-11765.14986
-71.165,42.2966,-11830.6847
-71.165,42.2994,-11895.11823
-71.165,42.3022,-11966.10135
-71.165,42.3358,-19117.60728
-71.165,42.3386,-16924.99191
-71.165,42.3414,-15705.04275
-71.165,42.3442,-15294.4608
-71.165,42.347,-15428.32103
-71.165,42.3498,-16244.62681
-71.165,42.3526,-15091.30879
-71.165,42.3554,-14365.17149
-71.165,42.3582,-13893.51105
-71.1622,42.2602,-10584.43063
-71.1622,42.263,-10718.50149
-71.1622,42.2658,-10860.31324
-71.1622,42.2686,-11016.79006
-71.1622,42.2714,-11206.11007
-71.1622,42.2742,-11450.61773
-71.1622,42.277,-11780.80239
-71.1622,42.2798,-11987.75303
-71.1622,42.2826,-12067.43767
-71.1622,42.2854,-12093.4113
-71.1622,42.2882,-12110.97811
-71.1622,42.291,-12141.22003
-71.1622,42.2938,-12203.10634
-71.1622,42.2966,-12268.12279
-71.1622,42.2994,-12299.53784
-71.1622,42.3358,-16148.48074
-71.1622,42.3386,-16226.81779
-71.1622,42.3414,-16018.40238
-71.1622,42.3442,-15942.42826
-71.1622,42.347,-16152.54414
-71.1622,42.3498,-16252.84487
-71.1622,42.3526,-15525.20377
-71.1622,42.3554,-14977.78356
-71.1594,42.2574,-10751.42003
-71.1594,42.2602,-11889.73704
-71.1594,42.263,-11230.03235
-71.1594,42.2658,-11025.86639
-71.1594,42.2686,-11116.23679
-71.1594,42.2714,-11317.49693
-71.1594,42.2742,-11600.75826
-71.1594,42.277,-12032.85117
-71.1594,42.2798,-12970.67817
-71.1594,42.2826,-12899.43753
-71.1594,42.2854,-12783.94246
-71.1594,42.2882,-12696.87685
-71.1594,42.291,-12646.91442
-71.1594,42.2938,-12747.94672
-71.1594,42.2966,-12918.54362
-71.1594,42.2994,-12781.38644
-71.1594,42.333,-15738.55677
-71.1594,42.3358,-16231.0716
-71.1594,42.3386,-16518.47573
-71.1594,42.3414,-16636.32125
-71.1594,42.3442,-16723.93562
-71.1594,42.347,-16957.85191
-71.1594,42.3498,-17013.24694
-71.1594,42.3526,-16304.11986
-71.1594,42.3554,-15730.90438
-71.1594,42.3582,-15244.78308
-71.1566,42.2574,-10651.11809
-71.1566,42.2602,-11542.83906
-71.1566,42.263,-11405.28042
-71.1566,42.2658,-11138.18649
-71.1566,42.2686,-11240.05705
-71.1566,42.2714,-11458.93916
-71.1566,42.2742,-11768.18508
-71.1566,42.277,-12244.69109
-71.1566,42.2798,-13272.60261
-71.1566,42.2826,-13730.23334
-71.1566,42.2854,-14554.86165
-71.1566,42.2882,-13532.71877
-71.1566,42.291,-13182.56864
-71.1566,42.2938,-13332.77393
-71.1566,42.2966,-17938.98899
-71.1566,42.333,-16383.87138
-71.1566,42.3358,-17025.65388
-71.1566,42.3386,-17460.7784
-71.1566,42.3414,-17770.93393
-71.1566,42.3442,-17808.3789
-71.1566,42.347,-18281.27579
-71.1566,42.3498,-19543.69037
-71.1566,42.3526,-17461.4986
-71.1566,42.3554,-16661.45512
-71.1566,42.3582,-16206.31639
-71.1538,42.2602,-10857.79672
-71.1538,42.263,-11054.26979
-71.1538,42.2658,-11177.76074
-71.1538,42.2686,-11359.86996
-71.1538,42.2714,-11606.58216
-71.1538,42.2742,-11920.57397
-71.1538,42.277,-12327.05976
-71.1538,42.2798,-12850.19557
-71.1538,42.2826,-13523.4409
-71.1538,42.2854,-15162.18378
-71.1538,42.2882,-14354.72757
-71.1538,42.291,-13647.97037
-71.1538,42.2938,-13558.30903
-71.1538,42.333,-17401.78109
-71.1538,42.3358,-18823.49035
-71.1538,42.3386,-19207.55991
-71.1538,42.3414,-20836.29844
-71.1538,42.3442,-19025.33485
-71.1538,42.347,-20255.30591
-71.1538,42.3498,-22962.65552
-71.1538,42.3526,-18854.27703
-71.1538,42.3554,-17776.89248
-71.1538,42.3582,-17486.7154
-71.151,42.2602,-10789.98402
-71.151,42.263,-11030.75736
-71.151,42.2658,-11252.91265
-71.151,42.2686,-11491.54842
-71.151,42.2714,-11764.96855
-71.151,42.2742,-12082.17685
-71.151,42.277,-12454.34279
-71.151,42.2798,-12903.64145
-71.151,42.2826,-13511.97208
-71.151,42.2854,-14661.25284
-71.151,42.2882,-15430.25756
-71.151,42.291,-14026.05002
-71.151,42.2938,-13745.4989
-71.151,42.3358,-24256.50417
-71.151,42.3386,-21449.15267
-71.151,42.3414,-20610.84137
-71.151,42.3442,-19742.6709
-71.151,42.347,-21429.19166
-71.151,42.3498,-22118.13091
-71.151,42.3526,-19916.0042
-71.151,42.3554,-19685.51977
-71.151,42.3582,-18326.40442
-71.1482,42.2574,-10601.96873
-71.1482,42.2602,-10863.18209
-71.1482,42.263,-11119.0499
-71.1482,42.2658,-11376.39905
-71.1482,42.2686,-11648.70342
-71.1482,42.2714,-11946.5505
-71.1482,42.2742,-12274.53329
-71.1482,42.277,-12635.23174
-71.1482,42.2798,-13043.79078
-71.1482,42.2826,-13567.71779
-71.1482,42.2854,-14519.71473
-71.1482,42.2882,-15112.67722
-71.1482,42.291,-14178.00532
-71.1482,42.2938,-13956.4517
-71.1482,42.2966,-13921.08938
-71.1482,42.3386,-20619.71739
-71.1482,42.3414,-20158.26935
-71.1482,42.3442,-20045.27563
-71.1482,42.347,-20771.13843
-71.1482,42.3498,-21673.583
-71.1482,42.3526,-20367.51102
-71.1482,42.3554,-22044.05722
-71.1482,42.3582,-21514.49867
-71.1454,42.2518,-10231.37395
-71.1454,42.2546,-10480.47949
-71.1454,42.2574,-10735.52077
-71.1454,42.2602,-10994.88342
-71.1454,42.263,-11259.97262
-71.1454,42.2658,-11536.86282
-71.1454,42.2686,-11834.91814
-71.1454,42.2714,-12162.35948
-71.1454,42.2742,-12517.89771
-71.1454,42.277,-12884.42581
-71.1454,42.2798,-13253.82291
-71.1454,42.2826,-13653.8225
-71.1454,42.2854,-14282.02422
-71.1454,42.2882,-14280.30221
-71.1454,42.291,-14220.31623
-71.1454,42.2938,-14187.74752
-71.1454,42.2966,-14206.24709
-71.1454,42.3414,-20373.95739
-71.1454,42.3442,-20484.73925
-71.1454,42.347,-20708.38508
-71.1454,42.3498,-21003.38438
-71.1454,42.3526,-20814.72209
-71.1454,42.3554,-20854.93902
-71.1454,42.3582,-20215.52068
-71.1454,42.361,-18828.42394
-71.1426,42.2378,-9368.565489
-71.1426,42.2406,-9519.063709
-71.1426,42.2434,-9713.174165
-71.1426,42.2462,-9929.210128
-71.1426,42.249,-10159.91845
-71.1426,42.2518,-10400.86532
-71.1426,42.2546,-10648.75568
-71.1426,42.2574,-10902.15835
-71.1426,42.2602,-11162.2859
-71.1426,42.263,-11433.62968
-71.1426,42.2658,-11724.40616
-71.1426,42.2686,-12047.10896
-71.1426,42.2714,-12419.85384
-71.1426,42.2742,-12854.84689
-71.1426,42.277,-13270.24513
-71.1426,42.2798,-13595.91512
-71.1426,42.2826,-13885.58804
-71.1426,42.2854,-14161.36397
-71.1426,42.2882,-14334.62792
-71.1426,42.291,-14435.32854
-71.1426,42.2938,-14508.82749
-71.1426,42.2966,-14559.47944
-71.1426,42.2994,-14617.412
-71.1426,42.3414,-20414.87841
-71.1426,42.3442,-22259.02469
-71.1426,42.347,-21608.79024
-71.1426,42.3498,-22052.98992
-71.1426,42.3526,-22033.05328
-71.1426,42.3554,-21555.49281
-71.1426,42.3582,-20710.65828
-71.1426,42.361,-19789.7912
-71.1426,42.3638,-18546.48235
-71.1398,42.235,-10515.24427
-71.1398,42.2378,-9607.418303
-71.1398,42.2406,-9712.233902
-71.1398,42.2434,-9898.770798
-71.1398,42.2462,-10115.0543
-71.1398,42.249,-10350.55962
-71.1398,42.2518,-10596.63731
-71.1398,42.2546,-10846.90546
-71.1398,42.2574,-11099.8432
-71.1398,42.2602,-11358.96282
-71.1398,42.263,-11632.09559
-71.1398,42.2658,-11931.07994
-71.1398,42.2686,-12273.77672
-71.1398,42.2714,-12701.20424
-71.1398,42.2742,-13413.66484
-71.1398,42.277,-14094.83518
-71.1398,42.2798,-14222.90719
-71.1398,42.2826,-14326.1014
-71.1398,42.2854,-14519.5302
-71.1398,42.2882,-14688.47773
-71.1398,42.291,-14858.88278
-71.1398,42.2938,-15038.44663
-71.1398,42.2966,-15028.94105
-71.1398,42.2994,-15022.06604
-71.1398,42.3022,-15099.56416
-71.1398,42.3442,-21638.98861
-71.1398,42.347,-23319.68419
-71.1398,42.3498,-25642.58894
-71.1398,42.3526,-24991.49856
-71.1398,42.3554,-23780.6697
-71.1398,42.3582,-22069.69486
-71.1398,42.361,-20741.5598
-71.1398,42.3638,-19440.36354
-71.137,42.2322,-9160.302391
-71.137,42.235,-9519.442302
-71.137,42.2378,-9765.261073
-71.137,42.2406,-9929.021111
-71.137,42.2434,-10103.87586
-71.137,42.2462,-10321.88717
-71.137,42.249,-10570.58826
-71.137,42.2518,-10830.18092
-71.137,42.2546,-11085.46235
-71.137,42.2574,-11335.19518
-71.137,42.2602,-11586.86354
-71.137,42.263,-11853.42657
-71.137,42.2658,-12152.80162
-71.137,42.2686,-12502.13915
-71.137,42.2714,-12936.0769
-71.137,42.2742,-13591.40074
-71.137,42.277,-14861.4851
-71.137,42.2798,-15645.26521
-71.137,42.2826,-14991.22081
-71.137,42.2854,-15325.9912
-71.137,42.2882,-15292.29935
-71.137,42.291,-15477.66134
-71.137,42.2938,-17306.10213
-71.137,42.2966,-15648.24188
-71.137,42.2994,-15451.72094
-71.137,42.3022,-15510.55269
-71.137,42.305,-15654.28904
-71.137,42.347,-24389.94175
-71.137,42.3498,-27082.84646
-71.137,42.3526,-29169.40597
-71.137,42.3554,-27462.65975
-71.137,42.3582,-23872.94461
-71.137,42.361,-22084.53516
-71.137,42.3638,-21962.95998
-71.1342,42.2322,-9260.138783
-71.1342,42.235,-9723.03779
-71.1342,42.2378,-10271.70754
-71.1342,42.2406,-10241.83601
-71.1342,42.2434,-10328.59796
-71.1342,42.2462,-10552.7517
-71.1342,42.249,-10836.4321
-71.1342,42.2518,-11133.71731
-71.1342,42.2546,-11390.55575
-71.1342,42.2574,-11626.74722
-71.1342,42.2602,-11856.37671
-71.1342,42.263,-12099.42103
-71.1342,42.2658,-12392.73953
-71.1342,42.2686,-12784.62891
-71.1342,42.2714,-13121.42023
-71.1342,42.2742,-13650.08414
-71.1342,42.277,-14441.39636
-71.1342,42.2798,-16026.06743
-71.1342,42.2826,-15901.30226
-71.1342,42.2854,-15779.60538
-71.1342,42.2882,-16338.16436
-71.1342,42.291,-15903.36371
-71.1342,42.2938,-16215.62133
-71.1342,42.2966,-15944.56322
-71.1342,42.2994,-15857.87881
-71.1342,42.3022,-15939.31416
-71.1342,42.305,-16105.95702
-71.1342,42.3078,-16322.61478
-71.1342,42.347,-25465.01767
-71.1342,42.3498,-30495.25733
-71.1342,42.3526,-36528.01753
-71.1342,42.3554,-39409.30714
-71.1342,42.3582,-25927.82806
-71.1342,42.361,-23116.50448
-71.1342,42.3638,-22266.15832
-71.1342,42.3666,-19760.65149
-71.1314,42.2294,-8989.291385
-71.1314,42.2322,-9341.941273
-71.1314,42.235,-9923.55866
-71.1314,42.2378,-13191.07704
-71.1314,42.2406,-10515.07849
-71.1314,42.2434,-10536.02607
-71.1314,42.2462,-10810.92299
-71.1314,42.249,-11177.10593
-71.1314,42.2518,-12117.99651
-71.1314,42.2546,-11810.552
-71.1314,42.2574,-12017.53998
-71.1314,42.2602,-12192.88879
-71.1314,42.263,-12373.46295
-71.1314,42.2658,-12616.79545
-71.1314,42.2686,-12959.70865
-71.1314,42.2714,-13267.28508
-71.1314,42.2742,-13717.4041
-71.1314,42.277,-14314.01204
-71.1314,42.2798,-15091.11121
-71.1314,42.2826,-16017.87724
-71.1314,42.2854,-17141.17119
-71.1314,42.2882,-16798.6065
-71.1314,42.291,-16180.85739
-71.1314,42.2938,-16113.86911
-71.1314,42.2966,-16340.30666
-71.1314,42.2994,-16341.83724
-71.1314,42.3022,-16400.40239
-71.1314,42.305,-16593.37184
-71.1314,42.3078,-17476.59318
-71.1314,42.3106,-17066.42402
-71.1314,42.3134,-17312.15868
-71.1314,42.3498,-35617.55549
-71.1314,42.3526,-46849.9698
-71.1314,42.3554,-34821.67084
-71.1314,42.3582,-26516.42779
-71.1314,42.361,-23589.70291
-71.1314,42.3638,-22304.82334
-71.1314,42.3666,-20182.45254
-71.1314,42.3722,-17892.73358
-71.1286,42.2322,-9360.621023
-71.1286,42.235,-9771.069772
-71.1286,42.2378,-10204.46693
-71.1286,42.2406,-10442.27742
-71.1286,42.2434,-10724.65303
-71.1286,42.2462,-11131.98344
-71.1286,42.249,-11669.05209
-71.1286,42.2518,-12128.88074
-71.1286,42.2546,-12427.4026
-71.1286,42.2574,-12639.71781
-71.1286,42.2602,-12656.56572
-71.1286,42.263,-12684.33365
-71.1286,42.2658,-12826.40332
-71.1286,42.2686,-13069.54615
-71.1286,42.2714,-13392.27187
-71.1286,42.2742,-13804.16402
-71.1286,42.277,-14318.05513
-71.1286,42.2798,-14969.2074
-71.1286,42.2826,-16008.33512
-71.1286,42.2854,-20008.82527
-71.1286,42.2882,-17552.38758
-71.1286,42.291,-16463.16979
-71.1286,42.2938,-16345.4602
-71.1286,42.2966,-16469.03987
-71.1286,42.2994,-16645.62386
-71.1286,42.3022,-16836.28008
-71.1286,42.305,-17079.69681
-71.1286,42.3078,-17364.19738
-71.1286,42.3106,-17626.73247
-71.1286,42.3134,-17899.55045
-71.1286,42.3162,-18184.30378
-71.1286,42.3498,-29133.55655
-71.1286,42.3526,-36668.43664
-71.1286,42.3554,-28753.62626
-71.1286,42.3582,-25443.27959
-71.1286,42.361,-23392.98191
-71.1286,42.3638,-22181.73499
-71.1286,42.3666,-20423.72881
-71.1286,42.3694,-19243.28952
-71.1286,42.3722,-18285.85743
-71.1258,42.2322,-9359.810331
-71.1258,42.235,-9687.638154
-71.1258,42.2378,-10028.00709
-71.1258,42.2406,-10382.46821
-71.1258,42.2434,-10777.69484
-71.1258,42.2462,-11264.07619
-71.1258,42.249,-12338.54885
-71.1258,42.2518,-13394.02081
-71.1258,42.2546,-13656.76492
-71.1258,42.2574,-14223.96441
-71.1258,42.2602,-13358.24848
-71.1258,42.263,-13014.03237
-71.1258,42.2658,-13038.90439
-71.1258,42.2686,-13228.39492
-71.1258,42.2714,-13524.27952
-71.1258,42.2742,-13913.45965
-71.1258,42.277,-14389.85689
-71.1258,42.2798,-14957.23329
-71.1258,42.2826,-15704.8362
-71.1258,42.2854,-16674.05466
-71.1258,42.2882,-17128.04767
-71.1258,42.291,-16614.6541
-71.1258,42.2938,-16637.54438
-71.1258,42.2966,-16788.06253
-71.1258,42.2994,-17031.18389
-71.1258,42.3022,-17322.64079
-71.1258,42.305,-17641.00898
-71.1258,42.3078,-17968.16245
-71.1258,42.3106,-18283.5454
-71.1258,42.3134,-18580.30536
-71.1258,42.3162,-18865.7789
-71.1258,42.319,-19154.48908
-71.1258,42.3526,-30320.8447
-71.1258,42.3554,-26408.70923
-71.1258,42.3582,-24878.44608
-71.1258,42.361,-23095.66103
-71.1258,42.3638,-21881.86297
-71.1258,42.3666,-20789.33272
-71.1258,42.3694,-19628.47503
-71.123,42.235,-9666.218791
-71.123,42.2434,-10744.76997
-71.123,42.2462,-11266.37044
-71.123,42.249,-12038.70463
-71.123,42.2518,-13058.41323
-71.123,42.2546,-15178.51392
-71.123,42.2574,-16506.4415
-71.123,42.2602,-13888.55873
-71.123,42.263,-13246.28907
-71.123,42.2658,-13239.35385
-71.123,42.2686,-13382.80607
-71.123,42.2714,-13655.24724
-71.123,42.2742,-14046.44696
-71.123,42.277,-14544.99046
-71.123,42.2798,-15051.82528
-71.123,42.2826,-15532.39042
-71.123,42.2854,-16028.25164
-71.123,42.2882,-16429.29556
-71.123,42.291,-17077.56472
-71.123,42.2938,-17090.99453
-71.123,42.2966,-17207.43313
-71.123,42.2994,-17538.02413
-71.123,42.3022,-17928.71307
-71.123,42.305,-18337.45771
-71.123,42.3078,-18739.8302
-71.123,42.3106,-19110.75544
-71.123,42.3134,-19415.17436
-71.123,42.3162,-19674.05899
-71.123,42.319,-19930.42727
-71.123,42.3218,-20215.95643
-71.123,42.3526,-27582.05024
-71.123,42.3554,-25868.67291
-71.123,42.3582,-24309.47542
-71.123,42.361,-23092.32384
-71.123,42.3638,-22169.92584
-71.123,42.3666,-21622.68366
-71.1202,42.2434,-10721.34851
-71.1202,42.2462,-11210.69553
-71.1202,42.249,-11871.15618
-71.1202,42.2518,-12970.29332
-71.1202,42.2546,-46277.33532
-71.1202,42.2574,-14771.3005
-71.1202,42.2602,-13565.05331
-71.1202,42.263,-13287.86773
-71.1202,42.2658,-13510.74027
-71.1202,42.2686,-13507.17286
-71.1202,42.2714,-13767.60223
-71.1202,42.2742,-14184.71481
-71.1202,42.277,-14927.76829
-71.1202,42.2798,-15598.48323
-71.1202,42.2826,-15592.28049
-71.1202,42.2854,-15998.72058
-71.1202,42.2882,-16392.9634
-71.1202,42.291,-16977.48015
-71.1202,42.2938,-17353.73827
-71.1202,42.2966,-17696.29129
-71.1202,42.2994,-18183.0327
-71.1202,42.3022,-18714.93654
-71.1202,42.305,-19255.42373
-71.1202,42.3078,-19773.02109
-71.1202,42.3106,-20300.23478
-71.1202,42.3134,-20534.47935
-71.1202,42.3162,-20673.65196
-71.1202,42.319,-20859.46228
-71.1202,42.3218,-21097.54976
-71.1202,42.3526,-30726.29154
-71.1202,42.3554,-25993.15169
-71.1202,42.3582,-24540.66056
-71.1202,42.361,-23538.25093
-71.1202,42.3638,-22335.73684
-71.1202,42.3666,-22015.25097
-71.1174,42.2462,-11128.52713
-71.1174,42.249,-11684.42215
-71.1174,42.2518,-12508.32529
-71.1174,42.2546,-13094.95145
-71.1174,42.2574,-13304.44106
-71.1174,42.2602,-13224.92524
-71.1174,42.263,-13223.66911
-71.1174,42.2658,-13565.57667
-71.1174,42.2686,-13576.64406
-71.1174,42.2714,-13843.57586
-71.1174,42.2742,-14258.44656
-71.1174,42.277,-14896.40001
-71.1174,42.2798,-15502.62054
-71.1174,42.2826,-15662.75492
-71.1174,42.2854,-16085.84312
-71.1174,42.2882,-16463.92572
-71.1174,42.291,-17038.60358
-71.1174,42.2938,-17693.438
-71.1174,42.2966,-18378.77216
-71.1174,42.2994,-19114.68187
-71.1174,42.3022,-19839.1978
-71.1174,42.305,-20680.21978
-71.1174,42.3078,-21290.01464
-71.1174,42.3106,-22174.15308
-71.1174,42.3134,-22211.57294
-71.1174,42.3162,-21973.95443
-71.1174,42.319,-21998.25212
-71.1174,42.3218,-22164.95903
-71.1174,42.3526,-33121.27891
-71.1174,42.361,-24120.09082
-71.1146,42.2462,-11037.45506
-71.1146,42.249,-11480.68135
-71.1146,42.2518,-11957.1237
-71.1146,42.2546,-12379.32325
-71.1146,42.2574,-12679.68266
-71.1146,42.2602,-12884.25351
-71.1146,42.263,-13100.17194
-71.1146,42.2658,-13403.99514
-71.1146,42.2686,-13589.67639
-71.1146,42.2714,-13886.81273
-71.1146,42.2742,-14282.75528
-71.1146,42.277,-14778.80054
-71.1146,42.2798,-15293.73949
-71.1146,42.2826,-15778.8966
-71.1146,42.2854,-16169.1847
-71.1146,42.2882,-16595.76472
-71.1146,42.291,-17149.55431
-71.1146,42.2938,-17916.45815
-71.1146,42.2966,-19109.90548
-71.1146,42.2994,-21739.69969
-71.1146,42.3022,-21483.15318
-71.1146,42.305,-33738.11254
-71.1146,42.3078,-23049.36605
-71.1146,42.3106,-29393.38258
-71.1146,42.3134,-25815.029
-71.1146,42.3162,-23741.09312
-71.1146,42.319,-23576.50908
-71.1146,42.3218,-23624.70484
-71.1146,42.3246,-23578.62536
-71.1146,42.3526,-26774.54056
-71.1118,42.249,-11338.59837
-71.1118,42.2518,-11724.3441
-71.1118,42.2546,-12089.56031
-71.1118,42.2574,-12415.32781
-71.1118,42.263,-13004.07419
-71.1118,42.2658,-13288.12444
-71.1118,42.2686,-13583.97215
-71.1118,42.2714,-13921.4979
-71.1118,42.2742,-14313.55491
-71.1118,42.277,-14760.86707
-71.1118,42.2798,-15267.87894
-71.1118,42.2826,-15971.83196
-71.1118,42.2854,-16549.80985
-71.1118,42.2882,-16799.683
-71.1118,42.291,-17300.19577
-71.1118,42.2938,-18025.98098
-71.1118,42.2966,-19176.67669
-71.1118,42.2994,-21609.71411
-71.1118,42.3022,-21848.77615
-71.1118,42.305,-22382.46839
-71.1118,42.3078,-22826.55545
-71.1118,42.3106,-23586.4722
-71.1118,42.3134,-23976.35669
-71.1118,42.3162,-24167.85249
-71.1118,42.319,-28056.10284
-71.1118,42.3218,-26203.63009
-71.1118,42.3246,-25051.20148
-71.1118,42.3274,-24984.22174
-71.1118,42.3302,-25804.72918
-71.1118,42.333,-26533.94902
-71.109,42.263,-13145.59061
-71.109,42.2658,-13292.70553
-71.109,42.2686,-13610.93181
-71.109,42.2714,-13970.34457
-71.109,42.2742,-14367.50872
-71.109,42.277,-14806.7715
-71.109,42.2798,-15300.59331
-71.109,42.2826,-15897.74119
-71.109,42.2854,-16684.08121
-71.109,42.2882,-17149.60142
-71.109,42.291,-17447.46999
-71.109,42.2938,-18075.05871
-71.109,42.2966,-18951.45482
-71.109,42.2994,-20035.71258
-71.109,42.3022,-21168.0164
-71.109,42.305,-23509.80698
-71.109,42.3078,-23382.01708
-71.109,42.3106,-23220.00515
-71.109,42.3134,-23662.91794
-71.109,42.3162,-24287.99209
-71.109,42.319,-25500.09878
-71.109,42.3218,-32051.81709
-71.109,42.3246,-26403.5857
-71.109,42.3274,-26079.99599
-71.109,42.3302,-26872.54813
-71.109,42.333,-28172.71028
-71.109,42.3358,-29737.06259
-71.109,42.3386,-31069.41916
-71.109,42.3414,-29987.69529
-71.1062,42.263,-12988.68647
-71.1062,42.2658,-13316.95833
-71.1062,42.2686,-13667.66947
-71.1062,42.2714,-14043.97933
-71.1062,42.2742,-14447.65429
-71.1062,42.277,-14884.82494
-71.1062,42.2798,-15364.07151
-71.1062,42.2826,-15900.6375
-71.1062,42.2854,-16543.25378
-71.1062,42.2882,-17238.1457
-71.1062,42.291,-17525.6206
-71.1062,42.2938,-18103.24081
-71.1062,42.2966,-18843.77824
-71.1062,42.2994,-19728.88522
-71.1062,42.3022,-20856.96752
-71.1062,42.305,-22938.29567
-71.1062,42.3078,-23642.31406
-71.1062,42.3106,-23825.61689
-71.1062,42.3134,-24390.03204
-71.1062,42.3162,-24959.15055
-71.1062,42.319,-25346.49053
-71.1062,42.3218,-26820.34315
-71.1062,42.3246,-26735.72709
-71.1062,42.3274,-26968.53227
-71.1062,42.3302,-28249.3634
-71.1062,42.333,-31756.50345
-71.1062,42.3358,-33090.73078
-71.1062,42.3386,-36672.49861
-71.1062,42.3414,-32627.27998
-71.1062,42.347,-34503.5954
-71.1062,42.3498,-34747.18236
-71.1034,42.2602,-12598.10518
-71.1034,42.263,-12992.83479
-71.1034,42.2658,-13384.03913
-71.1034,42.2686,-13764.67389
-71.1034,42.2714,-14152.42989
-71.1034,42.2742,-14559.31279
-71.1034,42.277,-14995.15415
-71.1034,42.2798,-15465.6314
-71.1034,42.2826,-15971.8825
-71.1034,42.2854,-16508.5728
-71.1034,42.2882,-17041.53459
-71.1034,42.291,-17561.88378
-71.1034,42.2938,-18146.01277
-71.1034,42.2966,-18824.40213
-71.1034,42.2994,-19607.84954
-71.1034,42.3022,-20522.69897
-71.1034,42.305,-21561.25779
-71.1034,42.3078,-22527.09968
-71.1034,42.3106,-23409.47431
-71.1034,42.3134,-25067.01061
-71.1034,42.3162,-26026.32012
-71.1034,42.319,-25441.58187
-71.1034,42.3218,-26646.34893
-71.1034,42.3246,-27247.52987
-71.1034,42.3274,-27667.51555
-71.1034,42.3302,-29342.81279
-71.1034,42.333,-35980.50058
-71.1034,42.3358,-34210.8251
-71.1034,42.3386,-34357.57818
-71.1034,42.3414,-34394.72559
-71.1034,42.3442,-36236.57463
-71.1034,42.347,-39935.77676
-71.1034,42.3498,-35451.14582
-71.1006,42.263,-13085.70475
-71.1006,42.2658,-13577.8534
-71.1006,42.2686,-13929.79088
-71.1006,42.2714,-14313.90032
-71.1006,42.2742,-14712.1311
-71.1006,42.277,-15145.51701
-71.1006,42.2798,-15617.41244
-71.1006,42.2826,-16118.56206
-71.1006,42.2854,-16630.53588
-71.1006,42.2882,-17138.48235
-71.1006,42.291,-17659.14079
-71.1006,42.2938,-18227.13233
-71.1006,42.2966,-18864.36414
-71.1006,42.2994,-19579.45189
-71.1006,42.3022,-20374.17036
-71.1006,42.305,-21236.33892
-71.1006,42.3078,-22160.75513
-71.1006,42.3106,-23318.67588
-71.1006,42.3134,-33243.39349
-71.1006,42.3162,-25331.5454
-71.1006,42.319,-25519.40409
-71.1006,42.3218,-26284.1897
-71.1006,42.3246,-27153.87152
-71.1006,42.3274,-28291.19677
-71.1006,42.3302,-29806.98944
-71.1006,42.333,-32319.8301
-71.1006,42.3358,-33785.70784
-71.1006,42.3386,-35408.40959
-71.1006,42.3414,-37215.09851
-71.1006,42.3442,-41693.74691
-71.1006,42.347,-42289.20723
-71.1006,42.3498,-45810.38007
-71.0978,42.263,-13189.11944
-71.0978,42.2658,-13773.22455
-71.0978,42.2686,-14229.59241
-71.0978,42.2714,-14571.8678
-71.0978,42.2742,-14918.24601
-71.0978,42.277,-15348.57934
-71.0978,42.2798,-15839.64942
-71.0978,42.2826,-16370.81554
-71.0978,42.2854,-16896.90908
-71.0978,42.2882,-17357.32644
-71.0978,42.291,-17824.53983
-71.0978,42.2938,-18354.69566
-71.0978,42.2966,-18957.51203
-71.0978,42.2994,-19631.19836
-71.0978,42.3022,-20372.50136
-71.0978,42.305,-21181.20387
-71.0978,42.3078,-22078.66273
-71.0978,42.3106,-23167.36101
-71.0978,42.3134,-24681.15037
-71.0978,42.3162,-25921.67256
-71.0978,42.319,-25663.87737
-71.0978,42.3218,-26390.46691
-71.0978,42.3246,-27376.92551
-71.0978,42.3274,-28622.196
-71.0978,42.3302,-30280.47701
-71.0978,42.333,-32066.85334
-71.0978,42.3358,-33758.59377
-71.0978,42.3386,-36710.09393
-71.0978,42.3414,-39549.57233
-71.0978,42.3442,-46905.72438
-71.0978,42.347,-51129.07555
-71.0978,42.3498,-41314.25126
-71.095,42.2686,-15264.23302
-71.095,42.2714,-15050.14241
-71.095,42.2742,-15170.72127
-71.095,42.277,-15674.24931
-71.095,42.2798,-16190.58941
-71.095,42.2826,-16811.80973
-71.095,42.2854,-17585.53103
-71.095,42.2882,-17736.0933
-71.095,42.291,-18051.57801
-71.095,42.2938,-18524.85872
-71.095,42.2966,-19099.49093
-71.095,42.2994,-19750.84805
-71.095,42.3022,-20468.61538
-71.095,42.305,-21252.52573
-71.095,42.3078,-22118.36847
-71.095,42.3106,-23091.86118
-71.095,42.3134,-24166.97655
-71.095,42.3162,-24979.95876
-71.095,42.319,-25805.59909
-71.095,42.3218,-26793.94843
-71.095,42.3246,-27818.66579
-71.095,42.3274,-29138.40379
-71.095,42.3302,-31029.87681
-71.095,42.333,-32553.34462
-71.095,42.3358,-34427.04742
-71.095,42.3386,-37272.67205
-71.095,42.3414,-39759.02034
-71.095,42.3442,-44281.68854
-71.095,42.347,-51393.86116
-71.095,42.3498,-46605.06018
-71.0922,42.2686,-16295.30727
-71.0922,42.2714,-15194.4764
-71.0922,42.2742,-15260.35539
-71.0922,42.277,-15837.95472
-71.0922,42.2798,-16870.77493
-71.0922,42.2826,-17442.81657
-71.0922,42.2854,-23091.68146
-71.0922,42.2882,-18245.37325
-71.0922,42.291,-18306.95059
-71.0922,42.2938,-18728.04328
-71.0922,42.2966,-19289.49395
-71.0922,42.2994,-19935.12925
-71.0922,42.3022,-20648.49842
-71.0922,42.305,-21419.12807
-71.0922,42.3078,-22281.39082
-71.0922,42.3106,-23282.49488
-71.0922,42.3134,-24104.48993
-71.0922,42.3162,-25028.92093
-71.0922,42.319,-26121.77573
-71.0922,42.3218,-34847.48645
-71.0922,42.3246,-28379.04405
-71.0922,42.3274,-29684.76497
-71.0922,42.3302,-31347.57876
-71.0922,42.333,-33283.18776
-71.0922,42.3358,-35611.90909
-71.0922,42.3386,-38875.23444
-71.0922,42.3414,-41287.88879
-71.0922,42.3442,-43261.48292
-71.0922,42.347,-44873.13316
-71.0922,42.3498,-43298.29387
-71.0894,42.2714,-14805.75023
-71.0894,42.2742,-15179.82846
-71.0894,42.277,-15700.05125
-71.0894,42.2798,-16349.75709
-71.0894,42.2826,-17323.84898
-71.0894,42.2854,-18161.04418
-71.0894,42.2882,-18338.62845
-71.0894,42.291,-18619.56818
-71.0894,42.2938,-18968.2074
-71.0894,42.2966,-19564.15993
-71.0894,42.2994,-20199.34408
-71.0894,42.3022,-20955.76838
-71.0894,42.305,-21689.11892
-71.0894,42.3078,-22498.39496
-71.0894,42.3106,-23422.13575
-71.0894,42.3134,-24483.96724
-71.0894,42.3162,-25295.88883
-71.0894,42.319,-26407.32529
-71.0894,42.3218,-27660.70488
-71.0894,42.3246,-28905.80219
-71.0894,42.3274,-30384.46237
-71.0894,42.3302,-32155.70236
-71.0894,42.333,-34355.76753
-71.0894,42.3358,-37308.97793
-71.0894,42.3386,-41728.84161
-71.0894,42.3414,-46063.26477
-71.0894,42.3442,-47834.11799
-71.0894,42.347,-52392.55559
-71.0894,42.3498,-51518.20614
-71.0866,42.2714,-14623.31201
-71.0866,42.2742,-15108.8906
-71.0866,42.277,-15667.15387
-71.0866,42.2798,-16331.56023
-71.0866,42.2826,-16966.22025
-71.0866,42.2854,-17534.30783
-71.0866,42.2882,-18039.51216
-71.0866,42.291,-18572.06784
-71.0866,42.2938,-19138.4286
-71.0866,42.2966,-20096.31366
-71.0866,42.2994,-20651.35886
-71.0866,42.3022,-21482.49797
-71.0866,42.305,-22078.98828
-71.0866,42.3078,-22823.10493
-71.0866,42.3106,-23706.40587
-71.0866,42.3134,-24647.08499
-71.0866,42.3162,-25705.44442
-71.0866,42.319,-26867.64629
-71.0866,42.3218,-28168.39966
-71.0866,42.3246,-29606.79339
-71.0866,42.3274,-31356.43523
-71.0866,42.3302,-33390.83911
-71.0866,42.333,-35487.09603
-71.0866,42.3358,-38778.26893
-71.0866,42.3386,-42976.10536
-71.0866,42.3414,-52051.41341
-71.0866,42.3442,-52826.05784
-71.0866,42.347,-59594.81047
-71.0866,42.3498,-53582.89301
-71.0866,42.3526,-45599.31878
-71.0838,42.2714,-14550.98342
-71.0838,42.2742,-15076.23408
-71.0838,42.277,-15668.86706
-71.0838,42.2798,-16611.38435
-71.0838,42.2826,-16987.53847
-71.0838,42.2854,-17467.64869
-71.0838,42.2882,-18026.87175
-71.0838,42.291,-18590.07657
-71.0838,42.2938,-19202.90519
-71.0838,42.2966,-19894.0303
-71.0838,42.2994,-20685.92866
-71.0838,42.3022,-21732.94922
-71.0838,42.305,-22403.71767
-71.0838,42.3078,-23412.4729
-71.0838,42.3106,-24329.9204
-71.0838,42.3134,-25087.20039
-71.0838,42.3162,-26387.56675
-71.0838,42.319,-27782.07658
-71.0838,42.3218,-28752.35515
-71.0838,42.3246,-30284.97612
-71.0838,42.3274,-32794.34905
-71.0838,42.3302,-35034.81452
-71.0838,42.333,-36856.24315
-71.0838,42.3358,-40458.73965
-71.0838,42.3386,-45091.51029
-71.0838,42.3414,-50474.67014
-71.0838,42.3442,-53430.23592
-71.0838,42.347,-65973.10732
-71.0838,42.3498,-68584.94461
-71.0838,42.3526,-49352.9785
-71.081,42.2714,-14536.68
-71.081,42.2742,-15076.66407
-71.081,42.277,-15662.46601
-71.081,42.2798,-16316.7158
-71.081,42.2826,-16939.63602
-71.081,42.2854,-17611.37238
-71.081,42.2882,-18249.99715
-71.081,42.291,-18753.87334
-71.081,42.2938,-19360.9154
-71.081,42.2966,-20059.11444
-71.081,42.2994,-20848.83123
-71.081,42.3022,-21749.23655
-71.081,42.305,-22608.83815
-71.081,42.3078,-23620.57485
-71.081,42.3106,-24632.78748
-71.081,42.3134,-25510.53151
-71.081,42.3162,-27089.74984
-71.081,42.319,-30116.44127
-71.081,42.3218,-29339.10918
-71.081,42.3246,-30851.55781
-71.081,42.3274,-33483.95537
-71.081,42.3302,-35435.78257
-71.081,42.333,-37452.78615
-71.081,42.3358,-40764.28069
-71.081,42.3386,-45036.4898
-71.081,42.3414,-51977.04509
-71.081,42.3442,-54838.36213
-71.081,42.347,-63427.76501
-71.081,42.3498,-79725.79019
-71.081,42.3526,-52803.38132
-71.0782,42.2714,-14575.98024
-71.0782,42.2742,-15119.39078
-71.0782,42.277,-15693.41718
-71.0782,42.2798,-16320.07218
-71.0782,42.2826,-17007.24995
-71.0782,42.2854,-17907.33875
-71.0782,42.2882,-18984.73738
-71.0782,42.291,-19004.42391
-71.0782,42.2938,-19606.76717
-71.0782,42.2966,-20330.40848
-71.0782,42.2994,-21160.61624
-71.0782,42.3022,-22183.29205
-71.0782,42.305,-22910.24922
-71.0782,42.3078,-23702.87195
-71.0782,42.3106,-24655.88908
-71.0782,42.3134,-25762.31552
-71.0782,42.3162,-27113.86166
-71.0782,42.319,-29785.54784
-71.0782,42.3218,-29950.9555
-71.0782,42.3246,-31213.11788
-71.0782,42.3274,-33145.55817
-71.0782,42.3302,-35385.24373
-71.0782,42.333,-37884.65659
-71.0782,42.3358,-41361.32263
-71.0782,42.3386,-45305.37335
-71.0782,42.3414,-50263.95384
-71.0782,42.3442,-58706.5148
-71.0782,42.347,-73092.34455
-71.0782,42.3498,-68890.25529
-71.0782,42.3526,-56305.44486
-71.0782,42.3554,-49271.91828
-71.0782,42.3834,-25437.16774
-71.0754,42.2714,-14767.63692
-71.0754,42.2742,-15229.02728
-71.0754,42.277,-15777.24464
-71.0754,42.2798,-16424.86912
-71.0754,42.2826,-17162.85298
-71.0754,42.2854,-17978.51083
-71.0754,42.2882,-18719.64949
-71.0754,42.291,-19339.68042
-71.0754,42.2938,-19978.59065
-71.0754,42.2966,-20723.67138
-71.0754,42.2994,-22118.29215
-71.0754,42.3022,-22362.90744
-71.0754,42.305,-23042.23666
-71.0754,42.3078,-24003.25439
-71.0754,42.3106,-24973.65451
-71.0754,42.3134,-26571.14986
-71.0754,42.3162,-27318.90213
-71.0754,42.319,-28793.0812
-71.0754,42.3218,-30241.06144
-71.0754,42.3246,-32191.85179
-71.0754,42.3274,-33355.22264
-71.0754,42.3302,-35589.31727
-71.0754,42.333,-38642.43655
-71.0754,42.3358,-43053.37763
-71.0754,42.3386,-47734.33261
-71.0754,42.3414,-51945.1452
-71.0754,42.3442,-57340.27893
-71.0754,42.347,-73889.44909
-71.0754,42.3498,-68805.6696
-71.0754,42.3526,-60011.32727
-71.0754,42.3554,-53299.58506
-71.0754,42.3806,-27175.32988
-71.0754,42.3834,-25528.82236
-71.0754,42.3862,-24006.31848
-71.0754,42.389,-22463.98255
-71.0726,42.2714,-14986.90145
-71.0726,42.2742,-15395.90067
-71.0726,42.277,-15898.50595
-71.0726,42.2798,-16616.62136
-71.0726,42.2826,-17567.98913
-71.0726,42.2854,-18797.46033
-71.0726,42.2882,-19244.4325
-71.0726,42.291,-20293.93513
-71.0726,42.2938,-20768.56388
-71.0726,42.2966,-21108.98462
-71.0726,42.2994,-22186.23703
-71.0726,42.3022,-22612.60763
-71.0726,42.305,-23351.44725
-71.0726,42.3078,-24243.5568
-71.0726,42.3106,-25268.46083
-71.0726,42.3134,-26506.30671
-71.0726,42.3162,-27592.02598
-71.0726,42.319,-28993.50785
-71.0726,42.3218,-32465.66509
-71.0726,42.3246,-32194.87621
-71.0726,42.3274,-33764.0112
-71.0726,42.3302,-36023.27016
-71.0726,42.333,-39166.9681
-71.0726,42.3358,-43161.74349
-71.0726,42.3386,-47052.3602
-71.0726,42.3414,-54082.96262
-71.0726,42.3442,-62342.00253
-71.0726,42.347,-67736.16506
-71.0726,42.3498,-74196.67556
-71.0726,42.3526,-68087.32694
-71.0726,42.3554,-58887.24778
-71.0726,42.3582,-54817.94622
-71.0726,42.361,-50626.4287
-71.0726,42.3638,-45601.8456
-71.0726,42.375,-32399.11756
-71.0726,42.3778,-30061.7786
-71.0726,42.3806,-27968.56168
-71.0726,42.3834,-26184.96809
-71.0726,42.3862,-24434.38677
-71.0698,42.2714,-15510.11051
-71.0698,42.2742,-15826.81702
-71.0698,42.277,-16023.43007
-71.0698,42.2798,-16664.02712
-71.0698,42.2826,-17539.32915
-71.0698,42.2854,-18389.77949
-71.0698,42.2882,-19080.92883
-71.0698,42.291,-20058.72429
-71.0698,42.2938,-20665.91661
-71.0698,42.2966,-21218.48593
-71.0698,42.2994,-22051.56612
-71.0698,42.3022,-22956.67884
-71.0698,42.305,-23978.44945
-71.0698,42.3078,-24844.97867
-71.0698,42.3106,-25677.51898
-71.0698,42.3134,-26801.02613
-71.0698,42.3162,-28112.29356
-71.0698,42.319,-29717.55497
-71.0698,42.3218,-30975.41727
-71.0698,42.3246,-32656.78355
-71.0698,42.3274,-34611.38911
-71.0698,42.3302,-36478.70181
-71.0698,42.333,-39014.98826
-71.0698,42.3358,-42319.14594
-71.0698,42.3386,-46936.95437
-71.0698,42.3414,-57879.84903
-71.0698,42.3442,-63629.15387
-71.0698,42.347,-71273.3017
-71.0698,42.3498,-79164.01659
-71.0698,42.3526,-71666.06208
-71.0698,42.3554,-64707.00265
-71.0698,42.3582,-68040.64461
-71.0698,42.361,-59764.48367
-71.0698,42.3638,-50834.87683
-71.0698,42.3666,-44956.56328
-71.0698,42.3722,-37190.54022
-71.0698,42.375,-34244.26925
-71.0698,42.3778,-31431.45295
-71.0698,42.3806,-28875.51985
-71.0698,42.3834,-26818.55794
-71.067,42.2742,-16193.07445
-71.067,42.277,-16079.5754
-71.067,42.2798,-16607.73994
-71.067,42.2826,-17352.37178
-71.067,42.2854,-18248.30336
-71.067,42.2882,-18950.89879
-71.067,42.291,-19727.10662
-71.067,42.2938,-20567.18052
-71.067,42.2966,-21457.47443
-71.067,42.2994,-22593.02424
-71.067,42.3022,-23643.03805
-71.067,42.305,-24989.07004
-71.067,42.3078,-26733.46901
-71.067,42.3106,-26243.91668
-71.067,42.3134,-27566.64327
-71.067,42.3162,-29706.4106
-71.067,42.319,-30474.69398
-71.067,42.3218,-31430.1464
-71.067,42.3246,-33342.73935
-71.067,42.3274,-37807.76
-71.067,42.3302,-36731.09078
-71.067,42.333,-38410.08931
-71.067,42.3358,-41521.74949
-71.067,42.3386,-46893.61493
-71.067,42.3414,-54262.98387
-71.067,42.3442,-59204.71317
-71.067,42.347,-66260.6636
-71.067,42.3498,-87750.64203
-71.067,42.3526,-85522.36061
-71.067,42.3554,-69577.92236
-71.067,42.3582,-64839.60743
-71.067,42.361,-69400.56508
-71.067,42.3638,-55621.32148
-71.067,42.3666,-48819.96515
-71.067,42.3722,-40197.95593
-71.067,42.375,-38350.76998
-71.067,42.3778,-37531.22112
-71.067,42.3806,-29789.30954
-71.067,42.3834,-27233.58184
-71.0642,42.2714,-14694.59306
-71.0642,42.2742,-15302.67885
-71.0642,42.277,-15866.04302
-71.0642,42.2798,-16511.30541
-71.0642,42.2826,-17366.64104
-71.0642,42.2854,-18990.31513
-71.0642,42.2882,-19044.25526
-71.0642,42.291,-19996.21888
-71.0642,42.2938,-21041.51767
-71.0642,42.2966,-22020.83676
-71.0642,42.2994,-23637.71718
-71.0642,42.3022,-24174.539
-71.0642,42.305,-25033.67161
-71.0642,42.3078,-26003.25663
-71.0642,42.3106,-26732.47142
-71.0642,42.3134,-28103.1039
-71.0642,42.3162,-31213.30289
-71.0642,42.319,-31092.317
-71.0642,42.3218,-32246.39084
-71.0642,42.3246,-33288.99378
-71.0642,42.3274,-34841.27081
-71.0642,42.3302,-35996.43084
-71.0642,42.333,-38015.56484
-71.0642,42.3358,-40956.15538
-71.0642,42.3386,-44850.71557
-71.0642,42.3414,-50384.05981
-71.0642,42.3442,-57156.17886
-71.0642,42.347,-65359.40593
-71.0642,42.3498,-87475.15498
-71.0642,42.3526,-96136.33459
-71.0642,42.3554,-78578.83184
-71.0642,42.3582,-72964.97378
-71.0642,42.361,-70790.98079
-71.0642,42.3638,-63410.472
-71.0642,42.3666,-54414.32475
-71.0642,42.3694,-47060.54081
-71.0642,42.3722,-43200.33156
-71.0642,42.375,-40012.38145
-71.0642,42.3778,-34272.09321
-71.0642,42.3806,-30598.61407
-71.0642,42.3834,-27662.39082
-71.0614,42.2714,-14386.03644
-71.0614,42.2742,-15010.00251
-71.0614,42.277,-15674.94532
-71.0614,42.2798,-16425.44927
-71.0614,42.2826,-17259.67965
-71.0614,42.2854,-18078.61989
-71.0614,42.2882,-18870.59584
-71.0614,42.291,-20033.94015
-71.0614,42.2938,-23052.65902
-71.0614,42.2966,-22896.20366
-71.0614,42.2994,-26031.56669
-71.0614,42.3022,-25515.51019
-71.0614,42.305,-25921.10046
-71.0614,42.3078,-26816.52759
-71.0614,42.3106,-27493.30978
-71.0614,42.3134,-28372.65849
-71.0614,42.3162,-29660.33254
-71.0614,42.319,-31287.61862
-71.0614,42.3218,-34029.01237
-71.0614,42.3246,-33183.53346
-71.0614,42.3274,-34474.44813
-71.0614,42.3302,-35890.48838
-71.0614,42.333,-37705.11074
-71.0614,42.3358,-40263.84613
-71.0614,42.3386,-43690.12945
-71.0614,42.3414,-48274.58542
-71.0614,42.3442,-54100.97735
-71.0614,42.347,-62539.40205
-71.0614,42.3498,-80455.80961
-71.0614,42.3526,-92495.71024
-71.0614,42.3554,-97412.01743
-71.0614,42.3582,-96168.36517
-71.0614,42.361,-76404.65329
-71.0614,42.3638,-90943.91399
-71.0614,42.3666,-61846.25573
-71.0614,42.3694,-49966.41204
-71.0614,42.3722,-47650.08373
-71.0614,42.375,-40146.2165
-71.0614,42.3778,-34521.85966
-71.0614,42.3806,-30772.92892
-71.0586,42.2714,-14198.02894
-71.0586,42.2742,-14831.29341
-71.0586,42.277,-15559.64724
-71.0586,42.2798,-16465.43972
-71.0586,42.2826,-17568.91645
-71.0586,42.2854,-18199.64902
-71.0586,42.2882,-18715.50315
-71.0586,42.291,-19584.96363
-71.0586,42.2938,-20808.08348
-71.0586,42.2966,-22682.87919
-71.0586,42.2994,-26833.01709
-71.0586,42.3022,-25798.28616
-71.0586,42.305,-28634.19974
-71.0586,42.3078,-37555.59953
-71.0586,42.3106,-29257.93341
-71.0586,42.3134,-29797.3928
-71.0586,42.3162,-29831.16944
-71.0586,42.319,-31446.36057
-71.0586,42.3218,-32491.14908
-71.0586,42.3246,-32874.00848
-71.0586,42.3274,-34886.40492
-71.0586,42.3302,-49596.91768
-71.0586,42.333,-37591.73518
-71.0586,42.3358,-39690.80848
-71.0586,42.3386,-42901.7983
-71.0586,42.3414,-47547.25625
-71.0586,42.3442,-52421.82208
-71.0586,42.347,-59005.61498
-71.0586,42.3498,-73463.80943
-71.0586,42.3526,-84315.329
-71.0586,42.3554,-91474.79315
-71.0586,42.3582,-98116.21685
-71.0586,42.361,-85165.3504
-71.0586,42.3638,-78361.61039
-71.0586,42.3666,-65777.22555
-71.0586,42.3722,-43974.87024
-71.0586,42.375,-38327.58079
-71.0586,42.3778,-34325.87233
-71.0586,42.3806,-30498.51314
-71.0586,42.3834,-27758.15073
-71.0558,42.277,-15433.87012
-71.0558,42.2798,-16533.93506
-71.0558,42.2826,-20712.56644
-71.0558,42.2854,-18940.30606
-71.0558,42.2882,-18573.20861
-71.0558,42.291,-19241.06662
-71.0558,42.2938,-20268.53486
-71.0558,42.2966,-21717.08916
-71.0558,42.2994,-23302.41795
-71.0558,42.3022,-24065.01323
-71.0558,42.305,-25234.68861
-71.0558,42.3078,-26639.65972
-71.0558,42.3106,-28018.54077
-71.0558,42.3134,-29080.69483
-71.0558,42.3162,-29608.42995
-71.0558,42.319,-32743.43441
-71.0558,42.3218,-33187.40708
-71.0558,42.3246,-32010.9861
-71.0558,42.3274,-33472.58997
-71.0558,42.3302,-36923.13943
-71.0558,42.333,-37097.50961
-71.0558,42.3358,-39081.8785
-71.0558,42.3386,-42261.3068
-71.0558,42.3414,-49045.09459
-71.0558,42.3442,-51193.63255
-71.0558,42.347,-55316.94843
-71.0558,42.3498,-68169.43266
-71.0558,42.3526,-74242.87686
-71.0558,42.3554,-86063.66044
-71.0558,42.3582,-98839.45198
-71.0558,42.361,-102818.8708
-71.0558,42.3638,-107126.2239
-71.0558,42.3666,-66316.71731
-71.0558,42.375,-37389.15063
-71.0558,42.3778,-33314.15625
-71.0558,42.3806,-30086.94764
-71.0558,42.3834,-27483.65962
-71.053,42.2798,-16200.87885
-71.053,42.2826,-17496.78235
-71.053,42.2854,-17993.81141
-71.053,42.2882,-18251.77472
-71.053,42.291,-18925.49816
-71.053,42.2938,-19866.56053
-71.053,42.2966,-20971.31602
-71.053,42.2994,-21991.62718
-71.053,42.3022,-23246.70891
-71.053,42.305,-24067.7534
-71.053,42.3078,-24770.7114
-71.053,42.3106,-26798.36079
-71.053,42.3134,-27226.83677
-71.053,42.3162,-27687.75002
-71.053,42.319,-28714.40894
-71.053,42.3218,-29680.43375
-71.053,42.3246,-30665.00872
-71.053,42.3274,-32123.20767
-71.053,42.3302,-34347.59371
-71.053,42.333,-36338.33855
-71.053,42.3358,-38439.65667
-71.053,42.3386,-42142.40374
-71.053,42.3414,-45084.38493
-71.053,42.3442,-47921.79399
-71.053,42.347,-52203.92536
-71.053,42.3526,-66561.17045
-71.053,42.3554,-80835.65397
-71.053,42.3582,-114043.5372
-71.053,42.361,-85317.60434
-71.053,42.3638,-86599.78485
-71.053,42.3666,-63069.3663
-71.053,42.375,-36407.3903
-71.053,42.3778,-32573.85093
-71.053,42.3806,-29563.44222
-71.053,42.3834,-27108.47749
-71.0502,42.2798,-15842.54381
-71.0502,42.2826,-16862.15567
-71.0502,42.2854,-17375.84258
-71.0502,42.2882,-17887.86622
-71.0502,42.291,-18674.10873
-71.0502,42.2938,-19769.54812
-71.0502,42.2966,-21100.73757
-71.0502,42.2994,-21714.8079
-71.0502,42.3022,-22054.8192
-71.0502,42.3106,-24463.37273
-71.0502,42.3134,-25431.6891
-71.0502,42.3162,-26578.8881
-71.0502,42.319,-27640.21542
-71.0502,42.3218,-28537.76994
-71.0502,42.3246,-29596.43228
-71.0502,42.3274,-31044.46486
-71.0502,42.3302,-33006.18605
-71.0502,42.333,-35351.64902
-71.0502,42.3358,-38177.45542
-71.0502,42.3386,-46027.20638
-71.0502,42.3414,-42911.79534
-71.0502,42.3442,-45317.68696
-71.0502,42.347,-50169.57896
-71.0502,42.3498,-63452.41887
-71.0502,42.3554,-63531.64288
-71.0502,42.3582,-67448.28808
-71.0502,42.3638,-62284.54988
-71.0502,42.3666,-52268.44785
-71.0502,42.3722,-39632.91824
-71.0502,42.3778,-31701.32389
-71.0502,42.3806,-28950.01339
-71.0502,42.3834,-26649.4302
-71.0474,42.2798,-15575.64124
-71.0474,42.2826,-18970.76837
-71.0474,42.2854,-17207.7628
-71.0474,42.2882,-17580.32836
-71.0474,42.291,-18573.40062
-71.0474,42.2938,-20512.51199
-71.0474,42.2966,-21019.84595
-71.0474,42.2994,-20850.84928
-71.0474,42.305,-21682.31197
-71.0474,42.3078,-22405.47984
-71.0474,42.3106,-23257.70628
-71.0474,42.3134,-24230.84099
-71.0474,42.3162,-25611.14477
-71.0474,42.319,-26788.98088
-71.0474,42.3218,-29208.98458
-71.0474,42.3274,-30125.86899
-71.0474,42.3302,-32780.3201
-71.0474,42.333,-35101.2318
-71.0474,42.3358,-40278.27498
-71.0474,42.3386,-39612.49974
-71.0474,42.3414,-40600.91933
-71.0474,42.3442,-43013.93986
-71.0474,42.347,-46165.07982
-71.0474,42.3498,-53326.4205
-71.0474,42.3526,-52052.94282
-71.0446,42.277,-14363.40302
-71.0446,42.2798,-15082.33738
-71.0446,42.2826,-15975.11707
-71.0446,42.2854,-16896.2202
-71.0446,42.2882,-17194.00631
-71.0446,42.291,-18030.76215
-71.0446,42.3022,-20514.49021
-71.0446,42.3162,-24372.22767
-71.0446,42.319,-27946.03444
-71.0446,42.3218,-26772.45451
-71.0446,42.3302,-31430.96743
-71.0446,42.333,-33791.63398
-71.0446,42.3358,-37224.04965
-71.0446,42.3386,-37347.1045
-71.0446,42.3414,-38855.07057
-71.0446,42.3442,-45945.05668
-71.0446,42.347,-44668.87368
-71.0446,42.3498,-45761.73703
-71.0446,42.3526,-50975.70248
-71.0418,42.2826,-15257.85623
-71.0418,42.2854,-15901.72475
-71.0418,42.2882,-16553.06693
-71.0418,42.3134,-22349.52287
-71.0418,42.3162,-23235.18607
-71.0418,42.319,-24248.0583
-71.0418,42.3302,-30648.70849
-71.0418,42.333,-32245.63775
-71.0418,42.3358,-34431.60952
-71.0418,42.3386,-35106.03752
-71.0418,42.3414,-36452.54495
-71.0418,42.3442,-39347.89624
-71.0418,42.347,-43062.3858
-71.0418,42.3498,-46626.7461
-71.0418,42.3666,-36911.82402
-71.0418,42.3694,-36707.3537
-71.0418,42.3722,-35437.498
-71.0418,42.375,-33067.27552
-71.0418,42.3778,-30199.67485
-71.0418,42.3806,-27460.35564
-71.039,42.2882,-15956.37889
-71.039,42.291,-16840.8744
-71.039,42.3134,-23766.25287
-71.039,42.3162,-22252.99994
-71.039,42.319,-23058.174
-71.039,42.3302,-28418.74245
-71.039,42.333,-30503.05881
-71.039,42.3358,-33550.6497
-71.039,42.3386,-33562.54763
-71.039,42.3414,-33992.85025
-71.039,42.3442,-35780.08842
-71.039,42.347,-40824.30376
-71.039,42.3498,-41511.08735
-71.039,42.3526,-37556.93409
-71.039,42.3638,-34499.43935
-71.039,42.3666,-34646.66308
-71.039,42.3694,-40074.39506
-71.039,42.3722,-39885.74874
-71.039,42.375,-38741.19765
-71.039,42.3778,-31681.1603
-71.039,42.3806,-27143.57492
-71.039,42.3834,-24585.68602
-71.0362,42.3134,-20596.56068
-71.0362,42.3162,-21271.35273
-71.0362,42.3302,-26784.42113
-71.0362,42.333,-28964.15403
-71.0362,42.3358,-36441.9258
-71.0362,42.3386,-33345.49561
-71.0362,42.3414,-31762.63071
-71.0362,42.3442,-38336.64131
-71.0362,42.347,-34654.94982
-71.0362,42.3666,-32315.04479
-71.0362,42.3694,-32777.99897
-71.0362,42.3722,-35530.22385
-71.0362,42.375,-33505.91426
-71.0362,42.3778,-29885.7992
-71.0362,42.3806,-26199.00226
-71.0362,42.3834,-23874.99266
-71.0334,42.3134,-19684.06496
-71.0334,42.3162,-20358.66477
-71.0334,42.3302,-25216.02065
-71.0334,42.333,-26747.3382
-71.0334,42.3358,-28343.31175
-71.0334,42.3386,-28870.92874
-71.0334,42.3414,-29169.51015
-71.0334,42.3442,-30033.80669
-71.0334,42.347,-30948.92258
-71.0334,42.3638,-29946.1273
-71.0334,42.3666,-29488.35615
-71.0334,42.3694,-29599.90131
-71.0334,42.3722,-29429.34135
-71.0334,42.375,-28966.72697
-71.0334,42.3778,-27817.90881
-71.0334,42.3806,-25144.79492
-71.0334,42.3834,-23082.03618
-71.0306,42.333,-24880.67295
-71.0306,42.3358,-25646.22196
-71.0306,42.3386,-26218.7702
-71.0306,42.3414,-26772.922
-71.0306,42.3442,-28549.38519
-71.0306,42.347,-27661.76542
-71.0306,42.3638,-27526.88663
-71.0306,42.3666,-27283.55372
-71.0306,42.3694,-27482.64456
-71.0306,42.3722,-26834.5135
-71.0306,42.375,-26424.29955
-71.0306,42.3778,-26956.84367
-71.0306,42.3806,-24432.35579
-71.0278,42.333,-25209.91968
-71.0278,42.3358,-23973.47504
-71.0278,42.3386,-24288.5688
-71.0278,42.3414,-24723.97791
-71.0278,42.3442,-25132.23149
-71.0278,42.347,-25399.1197
-71.0278,42.3582,-26759.14417
-71.0278,42.3666,-25292.10633
-71.0278,42.3694,-24963.21744
-71.0278,42.3722,-24596.16616
-71.0278,42.375,-24452.58618
-71.0278,42.3778,-25942.8422
-71.0278,42.3806,-24886.31084
-71.025,42.333,-22234.22975
-71.025,42.3358,-22370.14367
-71.025,42.3386,-22664.24104
-71.025,42.3414,-23024.08714
-71.025,42.3442,-23356.26206
-71.025,42.347,-23578.40473
-71.025,42.3582,-24322.56563
-71.025,42.361,-24222.44653
-71.025,42.3638,-24072.87085
-71.025,42.3666,-23592.1718
-71.025,42.3694,-23189.2984
-71.025,42.3722,-22833.46415
-71.025,42.375,-22573.60862
-71.025,42.3778,-22503.17194
-71.025,42.3806,-21855.27936
-71.025,42.3834,-20368.58029
-71.0222,42.333,-20520.79604
-71.0222,42.3358,-20906.14411
-71.0222,42.3386,-21242.12955
-71.0222,42.3414,-21578.24933
-71.0222,42.3442,-22165.26744
-71.0222,42.3554,-22392.96189
-71.0222,42.3582,-22462.95664
-71.0222,42.361,-22499.87916
-71.0222,42.3638,-23252.64457
-71.0222,42.3666,-22352.69349
-71.0222,42.3694,-21743.57798
-71.0222,42.3722,-21355.77935
-71.0222,42.375,-21009.85476
-71.0222,42.3778,-20624.66383
-71.0222,42.3806,-20050.92343
-71.0222,42.3834,-19276.68666
-71.0194,42.333,-19319.63192
-71.0194,42.3358,-19680.59406
-71.0194,42.3386,-19996.78598
-71.0194,42.3414,-20281.20342
-71.0194,42.3554,-20983.67954
-71.0194,42.3582,-21012.0416
-71.0194,42.361,-21023.80018
-71.0194,42.3638,-21062.4569
-71.0194,42.3666,-20848.04834
-71.0194,42.3694,-20435.51198
-71.0194,42.3722,-20090.29252
-71.0194,42.375,-19756.44467
-71.0194,42.3778,-19388.82165
-71.0194,42.3806,-18969.56463
-71.0194,42.3834,-18468.44322
-71.0194,42.3862,-17825.50026
-71.0166,42.333,-18309.93799
-71.0166,42.3358,-18624.71292
-71.0166,42.3386,-18902.41513
-71.0166,42.3414,-19146.9439
-71.0166,42.3526,-19710.09459
-71.0166,42.3554,-19753.90732
-71.0166,42.3582,-19761.25041
-71.0166,42.361,-19732.10679
-71.0166,42.3638,-19653.66058
-71.0166,42.3666,-19490.65521
-71.0166,42.3694,-19255.45459
-71.0166,42.3722,-18994.00442
-71.0166,42.375,-18719.2642
-71.0166,42.3806,-18129.67477
-71.0166,42.3834,-17788.23983
-71.0166,42.3862,-17403.17782
-71.0166,42.389,-16794.57797
-71.0138,42.333,-17421.54531
-71.0138,42.3358,-17693.87783
-71.0138,42.3386,-17935.79856
-71.0138,42.3414,-18147.40305
-71.0138,42.3526,-18636.66723
-71.0138,42.3554,-18669.25981
-71.0138,42.3582,-18665.84869
-71.0138,42.361,-18624.53235
-71.0138,42.3638,-18540.23732
-71.0138,42.3666,-18408.29319
-71.0138,42.3694,-18235.64332
-71.0138,42.3722,-18038.84293
-71.0138,42.3806,-17451.50282
-71.0138,42.3834,-17286.2105
-71.0138,42.3862,-17027.02634
-71.0138,42.389,-16503.02687
-71.0138,42.3918,-15942.57739
-71.0138,42.3946,-15379.93293
-71.011,42.3386,-17072.27066
-71.011,42.3498,-17621.83275
-71.011,42.3526,-17679.69206
-71.011,42.3554,-17705.04104
-71.011,42.3582,-17697.55752
-71.011,42.361,-17656.6202
-71.011,42.3638,-17581.69073
-71.011,42.3666,-17474.34989
-71.011,42.3694,-17341.21676
-71.011,42.3834,-17155.58445
-71.011,42.3862,-17695.97951
-71.011,42.389,-16581.95629
-71.011,42.3918,-15681.91896
-71.011,42.3946,-14982.61548
-71.0082,42.347,-16693.17432
-71.0082,42.3498,-16771.43391
-71.0082,42.3526,-16820.95547
-71.0082,42.3554,-16841.55921
-71.0082,42.3582,-16833.30202
-71.0082,42.361,-16796.62068
-71.0082,42.3638,-16732.87011
-71.0082,42.3722,-16432.63102
-71.0082,42.375,-16340.78041
-71.0082,42.3862,-21896.79884
-71.0082,42.389,-17154.65607
-71.0082,42.3918,-15428.49423
-71.0082,42.3946,-14604.92406
-71.0054,42.3498,-16002.80381
-71.0054,42.3526,-16045.54322
-71.0054,42.3582,-16055.09415
-71.0054,42.361,-16023.25765
-71.0054,42.3638,-15969.39819
-71.0054,42.3778,-15667.74293
-71.0054,42.3862,-19533.74
-71.0054,42.389,-16359.60505
-71.0054,42.3918,-15026.87321
-71.0026,42.3582,-15349.06372
-71.0026,42.361,-15321.44367
-71.0026,42.3638,-15275.37182
-71.0026,42.3778,-15014.20193
-71.0026,42.3862,-15461.88013
-71.0026,42.389,-15016.16034
-71.0026,42.3918,-14486.01108
-71.0026,42.3946,-14087.87564
-70.9998,42.3582,-14704.43971
-70.9998,42.361,-14680.04246
-70.9998,42.3834,-14498.89074
-70.9998,42.3862,-14471.97712
-70.9998,42.389,-14359.26574
-70.9998,42.3918,-14101.0576
-70.9998,42.3946,-15329.2792
-70.997,42.3582,-14112.76329
-70.997,42.361,-14090.61479
-70.997,42.3834,-13734.78222
-70.997,42.3862,-13787.18133
-70.997,42.389,-14925.06723
-70.997,42.3918,-13823.96441
-70.997,42.3946,-13122.86673
-70.9942,42.3554,-13573.6206
-70.9942,42.3582,-13567.30052
-70.9942,42.361,-13546.6101
-70.9942,42.3862,-13104.95276
-70.9942,42.389,-13181.64174
-70.9942,42.3918,-12891.95484
-70.9914,42.3554,-13069.25791
-70.9914,42.3582,-13062.60267
-70.9914,42.361,-13042.80672
-70.9914,42.389,-12369.10999
-70.9914,42.3918,-12172.14568
-70.9886,42.3582,-12594.17967
-70.9886,42.361,-12574.92299
-70.9886,42.389,-11827.08753
-70.9886,42.3918,-11655.25066